www.avast.com,61
www.nintendo.com.au,1
support.forcepoint.com,1
www.imperva.com,2
support.apple.com,8
www.dummies.com,6
neosmart.net,183
www.experts-exchange.com,7
stackoverflow.com,71
www.taringa.net,1
www.c-sharpcorner.com,9
tools.cira.state.tx.us,1
www.abap-developers.com,1
www.pcworld.com,88
www.faqforge.com,4
howtodoinjava.com,3
www.xfinity.com,1
www.pstrecover.org,2
www.digitalcitizen.life,26
softwarelab.org,5
www.milesweb.com,1
thegaragebandguide.com,1
docs.oracle.com,35
nordvpn.com,1
www.errorsdoc.com,4
www.lifewire.com,121
www.raymond.cc,27
windowsreport.com,242
www.instructables.com,3
www.dell.com,33
www.stellarinfo.com,64
appuals.com,136
in5stepstutorials.com,1
www.educba.com,3
www.drivereasy.com,75
nuance.custhelp.com,1
www.pcmag.com,7
answers.microsoft.com,135
books.google.com,41
www.remorecover.com,1
docs.microsoft.com,109
www.uvm.edu,1
apple.stackexchange.com,3
www.easeus.com,113
www.joomlageeks.com,1
www.regteck.com,1
askubuntu.com,12
superuser.com,79
www.howtogeek.com,237
www.cocosenor.com,3
www.hubert.com,1
www.reddit.com,32
yorkcentraltechtalk.wordpress.com,1
ugetfix.com,30
www.wikihow.com,6
forums.mozillazine.org,1
www.pfonline.com,1
www.ibm.com,36
www.ostechnix.com,2
samlman.wordpress.com,1
simple.wikipedia.org,3
www.sevenforums.com,9
www.petenetlive.com,1
kb.primera.com,1
gcc.gnu.org,1
www.r-datarecovery.com,2
support.microsoft.com,29
www.trincoll.edu,2
dotnet.microsoft.com,1
winaero.com,14
www.extendoffice.com,14
www.voicenext.com,1
www.pcreview.co.uk,3
felix.physics.sunysb.edu,1
www.advancedinstaller.com,2
serverfault.com,14
helpdesk.lenovosoftware.com,1
www.redhat.com,4
wiki.archlinux.org,8
www.acronis.com,7
www.accessrepairnrecovery.com,3
pcauthorities.com,2
www.microsoft.com,37
tomcat.apache.org,2
sherlockhones.com,1
www.intowindows.com,6
en.wikipedia.org,232
www.godaddy.com,2
support.avast.com,2
photographylife.com,1
seohelp.zendesk.com,1
kimeep.com,1
gamefaqs.gamespot.com,4
www.intel.com,17
www.makeuseof.com,19
www.minitool.com,3
www.ultraedit.com,2
www.ifixit.com,83
www.gigabyte.com,3
learningattheprimarypond.com,1
kinsta.com,24
www.slipstick.com,1
stevesohcot.com,1
www.avg.com,17
www.tomsguide.com,18
www.askvg.com,31
support.playstation.com,1
www.cyberciti.biz,12
www.firstthings.com,1
computing.cs.cmu.edu,1
www.techsupportalert.com,7
www.sciencedirect.com,11
www.saltycrane.com,1
www.thegeekdiary.com,7
www.ccleaner.com,16
community.smartbear.com,1
www.a1tech.com,1
www.sqlservercentral.com,9
forum.ih8mud.com,1
www.itexperience.net,2
www.moviecodec.com,1
devicepartner.microsoft.com,1
techloris.com,12
www.tucows.com,2
www.malwarebytes.com,46
www.techwalla.com,6
knowledge.digicert.com,1
download.cnet.com,44
www.msoutlook.info,1
www.careerride.com,1
www.oreilly.com,21
www.certiology.com,1
thegeekpage.com,13
www.geckoandfly.com,6
knowledge.autodesk.com,31
www.kerneldatarecovery.com,3
forum.vudu.com,1
www.techclassy.com,1
codec-pack-all-in-1.en.softonic.com,1
www.thewindowsclub.com,94
www.isunshare.com,11
support.office.com,4
filehippo.com,7
www.arysontechnologies.com,7
wiki.seas.harvard.edu,1
help.frooition.com,1
www.veeam.com,1
www.libellules.ch,1
smallbusiness.chron.com,13
gist.github.com,1
www.totalav.com,1
www.sqlservertutorial.net,3
portableapps.com,1
www.hvacspecialists.info,1
www.inmotionhosting.com,6
www.webassign.net,1
support.norton.com,3
www.us-cert.gov,1
educed.org,1
www.oneidentity.com,1
www.facebook.com,2
www.itechtics.com,16
discussions.apple.com,63
www.computerworld.com,15
computer.howstuffworks.com,14
www.geeksinphoenix.com,17
support.novadevelopment.com,1
www.diskpart.com,76
www.mytechguide.org,4
compgroups.net,1
hddmag.com,1
www.youtube.com,7
help.webex.com,1
www.maxprog.com,1
www.techrepublic.com,51
tarlab.usu.edu,1
www.maketecheasier.com,9
communities.vmware.com,5
ebikeling.com,1
searchsecurity.techtarget.com,2
www.tenforums.com,7
www.avoiderrors.com,4
softlect.in,1
www.printerbrain.xyz,1
dba.stackexchange.com,8
www.thetechbasket.com,1
www.afterdawn.com,4
help.myob.com,1
www.cnet.com,92
www.hpsupport365.com,3
www.rottentomatoes.com,1
www.windowscentral.com,42
www.aa1car.com,2
www.auslogics.com,57
www.eclipse.org,1
www.sweetwater.com,1
www.winhelp.us,9
support.brother.ca,1
statisticsbyjim.com,10
www.online-tech-tips.com,39
edu.gcfglobal.org,15
forums.whatthetech.com,1
knowledge.seagate.com,1
www.mrt.com,1
my.virginmedia.com,1
corporatefinanceinstitute.com,3
communities.sas.com,2
docs.python.org,10
macpaw.com,1
www.vbforums.com,2
www.linuxquestions.org,1
www.amazon.com,5
vtechsquadinc.wordpress.com,1
www.qbexpress.com,1
www.journaldev.com,8
en.wikibooks.org,4
support.esri.com,18
forums.mysql.com,1
www.nintendo.com,1
www.bleepingcomputer.com,64
searchwindowsserver.techtarget.com,4
www.server-essentials.com,3
www.underwaterphotography.com,1
infocenter-archive.sybase.com,1
help.standingstonegames.com,4
plugable.com,3
support.guitar-pro.com,1
www.avforums.com,1
jonconwayuk.wordpress.com,1
www.baixaki.com.br,2
msek.lviv.ua,1
www.computerhope.com,4
recoverit.wondershare.com,98
www.itninja.com,3
www.novell.com,3
clickfire.com,1
community.playstation.com,1
support.rackspace.com,2
www.ipaddresshost.com,2
www.wemakemousecalls.com,1
www.cups.org,1
pubs.vmware.com,1
www.softzone.es,3
niou.mjm-projektdesign.de,1
opensource.com,3
www.ftc.gov,1
www.consolut.com,2
codecguide.com,1
forums.techguy.org,3
www.hometips.com,3
forums.tomshardware.com,7
lifehacker.com,11
www.how2fixerror.com,17
palu-paku.blogspot.com,1
windows-exe-errors.com,5
www.cloudways.com,3
www.hellotech.com,7
domoticx.com,1
legacy.nccu.edu,1
forums.autodesk.com,1
www.dynatrace.com,1
www.cbs.com,1
www.veritas.com,24
forums.formz.com,1
activedirectorypro.com,3
www.se7ensins.com,1
community.adobe.com,6
www.allbootdisks.com,1
www.geeksforgeeks.org,11
community.broadcom.com,2
itstillworks.com,35
www.jiho.com,3
www.syfy.com,1
www.safetydetectives.com,75
embeddedlinuz.wordpress.com,1
www.bu.edu,1
www.statisticshowto.com,18
social.technet.microsoft.com,41
www.michaelmanagement.com,1
clean-my-pc.com,1
computerhoy.com,1
www.techradar.com,38
forums.asp.net,3
www.filepuma.com,1
www.ubackup.com,28
mass.effect.error.general.protection.fault.digiwiki.org,1
dzone.com,12
www.quora.com,3
www.familyhandyman.com,3
www.manualslib.com,3
logic.edchen.org,1
www.rockbox.org,1
itstillruns.com,1
community.spiceworks.com,37
tutorial.programming4.us,1
www.researchgate.net,5
www.slideshare.net,1
cleartalents.com,1
support.google.com,4
quickbooks.intuit.com,2
linuxhint.com,9
www.thomasmaurer.ch,1
www.virustotal.com,1
ccm.net,9
support.steampowered.com,3
developer.ibm.com,1
support.wildtangent.com,1
www.wiki-errors.com,10
httpd.apache.org,4
sites.google.com,17
www.peachpit.com,3
forums.tomsguide.com,1
blenderartists.org,2
answers.ea.com,4
www.imobie.com,13
help.ubuntu.com,7
www.neuber.com,3
kb.iu.edu,17
wiki.ubuntu.com,8
forums.slipstick.com,1
hk.canon,1
www.petri.com,23
support.hp.com,10
www.gateway.com,1
www.codejava.net,8
unix.stackexchange.com,9
h30434.www3.hp.com,5
support.snowflake.net,1
www.callofduty.com,1
www.dba-oracle.com,4
www.mediaplaynews.com,1
computer-outlines.over-blog.com,1
sourcedaddy.com,25
www.partition-windows-server.com,1
www.knownhost.com,2
www.leawo.org,1
fixforwindows.com,2
support.citrix.com,4
play.google.com,2
realtek-hd-audio-drivers-xp.en.softonic.com,1
www.dba-village.com,1
techgenix.com,22
forums.scotsnewsletter.com,1
apps.apple.com,8
dictionary.reverso.net,1
www.thundercloud.net,2
www.imore.com,5
tweaks.com,3
arenasurat.com,1
www.bitrecover.com,3
www.belkinroutersetup.com,1
forum.psnprofiles.com,1
free4pc.org,1
us.norton.com,20
www.howto-outlook.com,8
www.wpuniverse.com,1
www.investopedia.com,20
www.ncbi.nlm.nih.gov,17
www.datasheetarchive.com,1
www.cisco.com,10
airbrake.io,1
blog.mpecsinc.ca,1
www.ntaskmanager.com,1
www.technipages.com,9
www.thriftyfun.com,1
www.cis.upenn.edu,1
www.wiichat.com,1
manuals.playstation.net,1
www.ghacks.net,17
troubleshooter.xyz,25
forums.cameratips.com,1
www.pctlc.com,1
usa.kaspersky.com,12
hardforum.com,1
www.2-spyware.com,12
www.sportsrec.com,1
orahow.com,1
support.usa.canon.com,1
programdepo.com,1
www.mediaplayercodecpack.com,1
www.sony.com,3
www.murga-linux.com,1
www.nextofwindows.com,4
www.idownloadblog.com,3
www.transmissionrepaircostguide.com,1
www.karenware.com,1
www.almost-painless.com,1
www.ad-net.com.tw,1
docs.huihoo.com,1
community.scottishpower.co.uk,1
courses.lumenlearning.com,4
www.informit.com,16
www.repairwin.com,15
howtoremove.guide,2
www.softpedia.com,37
www.commandlinefu.com,1
support.mozilla.org,3
www.practicallynetworked.com,1
en.zeglarstwowpolsce.pl,1
www.zdnet.com,20
eugene.kaspersky.com,1
hp-laserjet-p2015-printer-series.printerdoc.net,1
www.purevpn.com,1
epson.e90.error.code.metawin.org,1
www.usps.org,1
enterprise.comodo.com,18
www.cybrary.it,1
digiex.net,1
genxfinance.com,2
wiki.tcl-lang.org,1
thewirecutter.com,1
www.doityourself.com,7
codethataint.com,1
forums.anandtech.com,1
fedoraproject.org,1
riptutorial.com,2
bbs.archlinux.org,2
applianceassistant.com,1
tepipautup.duckdns.org,1
windows-xp-service-pack-2.soft32.com,2
www.kernel.org,8
www.partitionwizard.com,1
www.ionos.com,17
www.matthewedgar.net,1
techsupt.winbatch.com,1
wikilab.org,2
www.rohitmenon.com,1
sourceforge.net,3
security.stackexchange.com,4
www.sunrisespecialty.com,1
firebase.google.com,2
www.dotnetcurry.com,1
blog.sqlauthority.com,7
www.wimsbios.com,2
www.networkworld.com,5
nl.dllyes.com,1
www.windowslatest.com,2
www.blackberryos.com,1
todosobrewindows.com,1
www.macworld.co.uk,2
www.sonylatvija.com,1
www.systutorials.com,3
www.hanselman.com,2
brinkshome.com,1
www.hightechdad.com,1
www.w3processing.com,1
community.amd.com,3
stackify.com,16
supertechman.com.au,2
pcsupport.lenovo.com,1
www.macworld.com,15
www.webagesolutions.com,1
www.consumeraffairs.com,3
adaptivesolutions.com,1
71.61.4.1,1
allenbrowne.com,1
activereach.net,1
www.techspot.com,13
social.msdn.microsoft.com,7
www.alphr.com,8
wiki.scn.sap.com,2
thinkmobiles.com,15
www.inyopools.com,1
www.openaccessjournals.com,1
www.remosoftware.com,23
www.howtoguides.org,8
windowsfileviewer.com,1
www.comparitech.com,9
www.symantec.com,3
pureinfotech.com,6
community.boschsecurity.com,1
www.uv.mx,1
www.mrexcel.com,1
clipdiary.com,1
www.neowin.net,4
www.databasedevelop.com,1
asktom.oracle.com,1
angelwings.net,1
micropro.ie,1
computergarage.org,3
www.fonepaw.es,2
kb.intermedia.net,1
www.simplysup.com,1
help.act.com,1
methods.sagepub.com,1
www.dyno-chiptuningfiles.com,1
www.sqlserverlogexplorer.com,3
developer.mozilla.org,2
kb.awr.com,1
forums.lenovo.com,1
jasainstalasijaringan.com,1
users.wfu.edu,1
www.thefreedictionary.com,1
www.blog.sqlrecoverytool.com,1
www.computerweekly.com,1
www.tutorialspoint.com,22
www.wilderssecurity.com,1
blog.pcrisk.com,9
lwn.net,3
www.technlg.net,7
www.materialstoday.com,1
geekgirls.com,3
3swindows.com,1
itsfoss.com,15
www.napa-benefits.org,1
astro.physics.uiowa.edu,4
romcheckfail.com,1
www.personalcomputerfixes.com,41
docs.buddybuild.com,1
codereview.stackexchange.com,1
privacy.net,5
www.msxlabs.org,1
windows-installer-cleanup-utility.en.softonic.com,1
www.qbgarage.com,1
www.searshomeservices.com,1
miapple.me,1
www.oracle.com,3
www.begbies-traynorgroup.com,1
www.pcrisk.com,16
www.addbalance.com,1
it.umn.edu,1
file-intelligence.comodo.com,3
blog.codinghorror.com,1
blog.loftninjas.org,1
grok.lsu.edu,2
windows101tricks.com,3
help.shoutcast.com,1
www.pinterest.ca,1
forums.malwarebytes.com,6
www.abtasty.com,1
medium.com,32
mahisony.blogspot.com,1
access.redhat.com,2
my.hostmonster.com,1
osxdaily.com,11
ieeexplore.ieee.org,1
samperrin.com,1
ntfs.com,3
www.fdassault.com,1
www.pchell.com,3
electrictoolbox.com,2
removeandreplace.com,3
wordpress.stackexchange.com,1
www.healthleadersmedia.com,1
www.download3k.com,2
mysqlolyk.wordpress.com,1
www.win.tue.nl,1
www.computing.net,1
www.realtek.com,1
www.telegraph.co.uk,1
windock.org,1
www.debian.org,3
windows-xp-service-pack-3.en.softonic.com,1
www.hostinger.com,12
www.bmj.com,4
speedify.com,3
hostpapasupport.com,1
skutt.com,1
www.fixya.com,11
yourbusiness.azcentral.com,3
www.groovypost.com,52
gaming.stackexchange.com,2
www.adaware.com,3
it.toolbox.com,14
www.itprotoday.com,14
antivirus.comodo.com,61
bobcares.com,17
www.redmondpie.com,1
pctipvandedag.nl,1
ubuntuforums.org,1
moviemaker.minitool.com,1
tipsmake.com,2
www.mysysadmintips.com,3
www.hongkiat.com,2
support.ubisoft.com,2
thoughtbot.com,1
www.superantispyware.com,5
www.vipre.com,1
www.linuxlookup.com,1
www.trendmicro.com,2
flesl.net,1
community.norton.com,8
linuxconfig.org,1
www.idaily.com,1
www.rolandfg.net,1
community.microstrategy.com,1
www.01net.com,1
www.fsl.cs.sunysb.edu,1
www.quickheal.co.in,1
www.digitaltrends.com,2
jira.atlassian.com,1
www.okino.com,1
www.seagate.com,8
www.fossmint.com,1
www.progress.com,3
dt.bhphermes.pl,1
computertutorflorida.com,1
static.usenix.org,1
homesupport.vipre.com,1
www.theguardian.com,1
en-americas-support.nintendo.com,3
files.support.epson.com,1
www.numbersforsupport.com,1
koshahcollege.com,1
www.compuchenna.co.uk,8
documentation.solarwindsmsp.com,2
www.repairmsexcel.com,13
www.printerfixes.com,4
community.flexera.com,3
docs.ruckuswireless.com,1
www.eclipseorigins.com,1
www.barcodeisland.com,1
www.virtualdj.com,1
www.2brightsparks.com,1
knowledge.broadcom.com,8
www.pearsonitcertification.com,5
www.firstresponse.com,1
gbatemp.net,1
www.refrigerationschool.com,2
www.tek-tips.com,1
bios-pw.org,1
www.winhelponline.com,32
thecellphoneguru.com,1
www.bbc.com,2
helpcenter.itopia.com,1
autoservicecosts.com,3
www.imyfone.com,1
bscappliancerepair.com,1
docs.thoughtspot.com,1
www.clamwin.com,1
www.msp360.com,2
www.guidingtech.com,15
knowledgebase.statsols.com,1
www.tecknowledgebase.com,1
www.tp-link.com,3
www.centurylink.com,1
askleo.com,16
webhelp.esri.com,1
pages.cs.wisc.edu,1
www.biosflash.com,2
serversitters.com,2
news.softpedia.com,1
www.mac-forums.com,1
androidforums.com,1
www.chimpytech.com,1
www.playstation.com,2
www.guru99.com,14
cloud.foetron.com,1
www.cleverfiles.com,7
home.howstuffworks.com,1
www.cgsecurity.org,1
ask.toolbar.uninstall.error.2738.stoperrors.org,1
www.codeproject.com,10
www.syncios.com,3
www.monster.com,1
www.ls2.com,1
blog.finjan.com,1
www.avira.com,43
www.rawinfopages.com,3
www.yodot.com,9
fixhomenetwork.com,2
setapp.com,5
www.pluralsight.com,9
archive.org,10
nwn.fandom.com,1
www.spybot-free-download.com,4
www.itzgeek.com,2
www.dbbest.com,1
www.infopackets.com,6
www.toxicnerd.com,3
carcaretotal.com,1
www.bhiservice.com,1
helpdeskgeek.com,93
michaelscodingspot.com,2
www.computertipsfree.com,3
www.javamex.com,1
roms-download.com,21
www.thegeekstuff.com,7
www.theinformationlab.co.uk,1
www.spywareremove.com,4
science.howstuffworks.com,1
www.watchguard.com,3
delllaptopparts.over-blog.com,1
kernel-team.pages.debian.net,1
www.outlook-tips.net,1
surgesounds.com,1
www.outsideonline.com,1
trickiknow.com,1
developers.facebook.com,1
www.whitecanyon.com,1
videoconverter.wondershare.com,17
help.redtailtechnology.com,2
errore74xbox36099.wordpress.com,1
ask-leo.com,6
www.tldp.org,7
www.tech-faq.com,18
www.addintools.com,7
www.divx.com,8
uk.pcmag.com,5
www.bullguard.com,7
www.bean2cup.org,1
www.windows-commandline.com,8
kochergeowelldrilling.com,1
backupchain.com,3
beginnersbook.com,8
pcdreams.com.sg,3
javapapers.com,2
www.htmlgoodies.com,2
www.tecmint.com,23
afeedbuzz.com,1
www.totaluninstaller.com,2
www.hostwinds.com,5
www.autoblog.com,2
www.error.info,9
www.softwarepro.org,3
www.hitbullseye.com,1
www.quickinfy.com,3
www.boot-disk.com,1
www.ultimatewindowssecurity.com,6
dellwindowsreinstallationguide.com,1
www.nucleustechnologies.com,17
www.mikebevers.be,1
www.interfacett.com,5
astutegraphics.com,1
www.fiberoptics4sale.com,1
www.uninstallapp.com,1
www.patrickomalley.com,2
blogs.igalia.com,2
www.ubuntupit.com,2
www.laptopmag.com,8
www.vlchelp.com,4
rstudio-education.github.io,1
online.stat.psu.edu,1
www.xboxdiy.com,3
www.thecloudtechnologist.com,1
exceltechguru.com,1
www.bitdefender.com,5
deploywindows.com,1
vinapost-vn.com,1
www.videomaker.com,1
www.linux.com,2
support.eset.com,2
www.tweakhound.com,1
www.digital-tv.co.uk,1
www.wintips.org,22
hyper-v-backup.backupchain.com,1
www.ysi.com,1
www.pewresearch.org,3
www.dvdfab.cn,3
old.r4wood.com,1
blog.standss.com,1
www.eoi.es,1
www.tektutorialshub.com,2
www.sqlskills.com,2
windows-doctor.blogspot.com,1
sqlwithmanoj.com,1
www.exefiles.com,13
mypaymentsavvy.com,1
www.delmarfans.com,3
www.netzwelt.de,2
www.voip-info.org,5
nvidia.custhelp.com,5
www.driversupport.com,20
wiki.vuze.com,4
www.sophos.com,12
www.xantrex.com,1
www.playon.tv,1
tomelliott.com,1
wordpress.org,3
ubuntu.com,1
www.yourmechanic.com,8
whatsabyte.com,18
www.geekwithenvy.com,2
support.ipconfigure.com,1
www.enterprisestorageforum.com,4
help.dropbox.com,2
rosettacode.org,2
www.breadmachinereviewsandtips.com,1
www.sfware.com,1
oniton.com,2
araihan.wordpress.com,1
www.fonepaw.com,4
www.electricaltechnology.org,1
www.technobezz.com,6
www.telosalliance.com,2
errortools.com,21
www.avadirect.com,2
www.dnb.com,1
www.outboardspares.com.au,2
www.digitalinnovations.com,1
study.com,7
www.yahoo.com,1
www.technorms.com,7
www.goldeagle.com,3
techfleece.com,1
www.getsafeonline.org,1
www.kaspersky.com,8
www.discoverskills.com,1
www.iseepassword.com,1
softmany.com,1
www.actualtools.com,3
www.spamlaws.com,3
windowstechies.com,1
exchange.sembee.info,1
windows-vista-service-pack-1-sp-1.en.softonic.com,4
www.mulesoft.com,1
lttng.org,1
www.cnetfrance.fr,2
computing.which.co.uk,4
www.statology.org,1
gaslightguys.wordpress.com,1
securityboulevard.com,2
www.recovery-tools.org,1
www.raulprietofernandez.net,3
chefkochblog.wordpress.com,1
acbrownit.com,1
www.xtremerain.com,5
www.netsquirrel.com,1
www.spaar.org.pe,1
www.mycommunitysavings.com,1
www.icare-recovery.com,4
wagwalking.com,1
pressable.com,1
www.4winkey.com,10
www.aptech.com,2
www.microscopeworld.com,1
www.sqlerror.de,2
developer.electricimp.com,1
www.knox.vic.gov.au,1
www.suse.com,3
installingcats.com,1
latesthackingnews.com,1
chicago.suntimes.com,1
25dollarsupport.com,1
softwarekeep.com,27
www.mrgarbagedisposal.com,1
www.bartonandloguidice.com,1
www.top-password.com,6
codecpack.co,8
collaboration.toolbox.com,2
archive.download.redhat.com,1
www.thegraphicmac.com,1
shoutthegeek.com,5
www.datamation.com,1
www.freecodecamp.org,9
www.shogan.co.uk,1
app.box.com,1
bacsoftwareconsulting.com,7
theitbros.com,6
hardsoft-support.kayako.com,7
premiumlicensekey.com,1
www.bulldogtechinc.com,1
www.beijingiphonerepair.com,1
community.cisco.com,4
www.driverturbo.com,1
techsafety.org.au,1
www.sportskeeda.com,1
ncalculators.com,2
www.perian.org,1
www.romcollector.com,1
monkeyphysicsblog.wordpress.com,1
www.officialtechsupport.com,4
www.pcvita.com,2
book.cakephp.org,1
www.denniskirk.com,2
insightidr.help.rapid7.com,1
www.gamespot.com,3
www.emailonacid.com,1
kontext.tech,2
www.vocal.com,4
www.tekstream.com,2
www.paubox.com,2
pcerrorpedia.com,6
www.webroot.com,7
windowslivemailtutorial.com,1
thedroidguy.com,7
www.uwec.edu,1
romanelectrichome.com,1
www.nuffieldfoundation.org,1
linuxize.com,4
fedoramagazine.org,2
word.tips.net,1
appletoolbox.com,8
appamatix.com,1
www.any-parental-control.com,1
thenewcode.com,1
www.pcgamer.com,12
tcrf.net,2
neilsperry.com,1
filmora.wondershare.com,2
www.dowdandassociates.com,2
bestantiviruspro.org,4
books.google.co.uk,1
www.atlantic.net,2
searchnetworking.techtarget.com,2
sdmsoftware.com,1
www.gratisvirusscanner.be,1
www.onallcylinders.com,1
www.starkbros.com,1
forum.utorrent.com,1
www.file.net,42
quondos.com,1
www.alexnolan.net,2
www.yolinux.com,1
infohacknews.blogspot.com,1
www.digitbin.com,1
www.asciihex.com,1
support.waspbarcode.com,1
www.irepairs.es,1
ayudaexcel.com,1
www.lifelock.com,2
www.networx.com,1
kb.globalscape.com,1
www.sportscasting.com,1
www.externe-festplatte.de,1
support.redstor.com,1
laptrinhx.com,1
www.forcepoint.com,1
www.chemtable.com,1
www.gamesradar.com,1
www.canonprintersupport247.com,4
thecircuitdetective.com,1
g-se.com,1
www.steves-digicams.com,9
group-mail.com,2
opensourceforu.com,1
atomisystems.com,2
www.lensrentals.com,2
www.systoolsgroup.com,7
community.wd.com,2
www.networkinghowtos.com,1
www.androidpit.de,1
www.claudiokuenzler.com,1
www.lazesoft.com,4
blog.virtosoftware.com,1
wiki.lustre.org,1
help.sap.com,1
developers.google.com,6
ricksfreeautorepairadvice.com,2
www.earthvpn.com,1
www.farsite.com,1
exceljet.net,3
software-dl.ti.com,1
www.stellaroutlooktools.com,5
www.isumsoft.com,11
www.wordrecovery.net,1
www.techopedia.com,4
geekinsider.com,1
www.gamersnexus.net,7
www.law.cornell.edu,3
www.quickbookssupportphonenumber247.co,2
statisticsglobe.com,1
www.vantecusa.com,1
support.bluestacks.com,1
learn.getgrav.org,1
photo.stackexchange.com,1
www.biostathandbook.com,1
dba-datascience.com,1
www.zanussi.co.uk,4
www.rizonesoft.com,1
starwars.fandom.com,1
www.globalreach.com,1
www.freeccnastudyguide.com,1
stamps.custhelp.com,1
apttech.wordpress.com,1
examples.javacodegeeks.com,5
blog.superuser.com,1
support.legacyfamilytree.com,1
www.stellarinfo.co.in,15
mailsmartly.com,1
android.ccpcreations.com,1
backupandstorage.wordpress.com,1
www.teamworld.it,1
aplawrence.com,1
exclusiverepairs.co.uk,1
www.videolan.org,9
support.uakron.edu,1
carbrain.com,2
www.datanumen.com,8
www.printersupport24x7.com,2
trojan-killer.net,2
www.itproportal.com,19
helpdesk.flexradio.com,3
fossbytes.com,10
www.winchatsupport.com,2
www.directxtutorial.com,2
directaccess.richardhicks.com,2
soggi.org,7
www.700r4transmissionhq.com,6
www.hackread.com,1
www.softwaretestinghelp.com,14
www.bogotobogo.com,1
www.febooti.com,3
www.nsfsecurityremover.com,1
www.powerequipmentdirect.com,1
screenshot.net,6
teddriver.net,1
www.wpbeginner.com,1
www.eassos.com,18
www.expertsupportnow.com,3
docs.spring.io,2
thevpnshop.com,1
linux.softpedia.com,1
www.depgis.state.pa.us,1
www.cprogramming.com,2
techblog.bozho.net,1
panda-free-antivirus.en.softonic.com,3
community.windows.com,3
federico-razzoli.com,1
drivers.softpedia.com,2
www.windowswally.com,15
winamp.en.softonic.com,1
www.winxdvd.com,2
www.techperiod.com,2
help.it.ox.ac.uk,1
www.solarwindsmsp.com,6
www.macfixz.com,2
www.kaspersky.co.uk,1
blogs.systweak.com,4
www.gillware.com,9
chrisalbon.com,1
malwaretips.com,26
vinayakgarg.wordpress.com,1
www.technibble.com,8
www.checkupdown.com,4
avast-free-antivirus.soft32.com,2
www.theautomationstore.com,2
priceithere.com,1
www.geeksonsite.com,1
answers.msn.com,2
pcsecure.in,1
digitalhospital.com.sg,2
malware.wikia.org,1
uninstallappsonmac.com,1
restorationmasterfinder.com,1
www.cs.cornell.edu,1
www.servicechampions.net,2
metalgear.fandom.com,2
www.sec.gov,1
jeffpar.github.io,2
www.computerperformance.co.uk,4
www.r-graph-gallery.com,5
www.myautorepairadvice.com,3
www.techsmith.com,1
muzeum.llu.pl,1
www.byclb.com,1
ohsonline.com,1
free-scan-to-pdf.en.softonic.com,1
betanews.com,1
www.winrarrepair.net,5
www.nurango.ca,1
www.linuxtechi.com,4
news.bf-1.com,1
documentation.bloomreach.com,1
anihelp.hatenablog.com,1
www.tulsatvrepair.com,1
www.cargurus.com,1
www.asunsoft.com,1
www.enigmasoftware.com,6
www.firewall.cx,3
attack.mitre.org,1
krebsonsecurity.com,1
presidentialdollarguide.com,3
wiki.analytica.com,1
www.neweggbusiness.com,4
www.instructionaldesign.org,1
solidsystemsllc.com,3
www.stamps.com,1
www.callingallgeeks.org,1
www.jamaicaobserver.com,1
www.papercut.com,2
retailminded.com,1
www.sysinfotools.com,3
www.techjunkie.com,4
hackaday.com,1
www.rarst.net,1
www.fourcc.org,1
www.fiscalizacionlocal.es,1
support.membermouse.com,1
help.utk.edu,5
www.vbtutor.net,1
www.prestashop.com,8
www.techtipsapp.com,6
www.air-compressor-guide.com,1
www.lsoft.com,1
www.jagranjosh.com,1
helpmerick.com,2
www.allconnect.com,6
community.asterisk.org,1
www.easytweaks.com,1
seanthegeek.net,1
www.coursehero.com,5
velocity.apache.org,1
www.techsupportall.com,12
www.automotive-mechanic.com,1
docs.apigee.com,4
www.diffen.com,4
stephenstechblog.com,1
www.knowyourparts.com,1
rootmanager.com,1
www.webspy.com,1
www.wral.com,1
gigaom.com,1
www.theblog.ca,1
www.achrnews.com,4
www.lacie.com,1
learn.compactappliance.com,3
www.escan.co.za,1
www.malwarefox.com,3
www.igeeksblog.com,1
thebark.com,1
blog.netwrix.com,5
www.auditmypc.com,2
www.deskdecode.com,1
downdetector.com,5
printspoolerservices.com,1
www.clariba.com,1
doc.qt.io,2
computers.tutsplus.com,3
imelfin.com,2
www.westfordcomputerservices.com,2
printertechies.over-blog.com,1
directx-11.jaleco.com,1
www.peterboweycomputerservices.com.au,2
eyeonquality.com,1
www.ietfjournal.org,1
freewindowsvistatutorials.com,3
superstarsbio.com,1
www.samsungsfour.com,1
webdesign.tutsplus.com,1
community.sony.co.uk,2
zeltser.com,1
codeforfun.wordpress.com,1
www.cse.iitb.ac.in,1
www.infoworld.com,6
code.tutsplus.com,1
organicdesktop.com,1
tldp.org,1
www.triadpcclinic.net,1
www.skybrary.aero,2
bugs.launchpad.net,2
developer.apple.com,2
www.programmersought.com,2
www.timeatlas.com,4
www.easytutoriel.com,1
www.eliminarpcspyware.com,1
iboysoft.com,2
eu.dlink.com,1
wiki.sei.cmu.edu,2
www.hardeschijfvernietigen.com,1
www.avenlylane.com,1
www.passfab.com,1
www.topgear.com.ph,1
cloudsmallbusinessservice.com,2
blog.georgovassilis.com,1
www.weboost.com,1
www.ptd.net,1
websiteforstudents.com,1
softwareengineering.stackexchange.com,2
www.tripadvisor.com,1
textexpander.com,1
openenergymonitor.org,1
www.evga.com,1
video.stackexchange.com,1
www.jedi.com,1
www.pixelstech.net,1
www.codeweavers.com,4
jnnp.bmj.com,1
file.info,6
www.thebroadcastbridge.com,2
macrorit.com,3
www.geocities.ws,1
lazesoft.com,2
memorynotfound.com,1
docs.servicestack.net,1
programmaticallyspeaking.com,1
techpp.com,2
help.protracker.com,1
www.nakivo.com,2
www.reimageplus.com,4
asbnotebook.com,1
javascript.info,1
blog.snappa.com,1
breakthrusoftware.com,1
softfamous.com,10
www.profesionalreview.com,1
www.andyrathbone.com,1
www.techyv.com,5
www.periconi.com,1
goodsitearchitect.weebly.com,1
www.diskinternals.com,14
tkairpower.com.au,1
www.forbes.com,4
chem.libretexts.org,7
blog.frame.io,1
tvheadend.org,1
www.slingshotvoip.com,1
www.lettolearn.com,8
howtofix.guide,3
www.pololu.com,1
sqlserverupdates.com,1
kimludvigsen.dk,1
www.kompiwin.com,1
www.ferretsoftware.co.nz,1
amir-antivirus.it.softonic.com,1
www.outlookfaq.com,3
www.nytimes.com,4
www.laboneinside.com,1
www.ciscopress.com,1
communities623.rssing.com,1
wibier.me,1
mobiletrans.wondershare.com,3
www.revisitclass.com,1
oracle-base.com,1
support.avaya.com,1
pc.net,2
smartcompliance.descartes.com,1
www.saleshandy.com,2
combined-community-codec-pack.en.softonic.com,3
vivalatecnologia.com,1
software.intel.com,1
wiki.wireshark.org,1
www.saphub.com,1
www.boilerguide.co.uk,2
windowsfish.com,2
www.ksawi-karwia.pl,1
emailsignaturerescue.com,1
www.pcactual.com,1
www.vcodex.com,4
www.matrix.edu.au,3
chemlab.truman.edu,1
www.tenouk.com,2
www.csoonline.com,2
techspirited.com,2
www.jerrymahun.com,1
codecpackguide.com,1
www.keepitsimplemsp.us,1
www.vsksoft.com,1
www.escovarlaw.com,1
web.stanford.edu,2
getstatuscode.com,1
extension.psu.edu,1
subjectguides.esc.edu,1
www.jonessewandvac.com,2
v8.dev,1
www.instant-uninstall.com,1
www.filerepairtool.net,8
www.gamexploits.com,1
threatonmac.com,1
www.camerauserguide.net,1
www.printertechs.com,2
techcommunity.microsoft.com,3
www.minicreo.com,1
www.ittsystems.com,1
refugeeks.com,1
www.datalight.com,1
www.giga.de,2
www.healthline.com,1
wikitechsolutions.com,1
www.samalander.com,1
www.ehow.co.uk,1
support.amburapp.com,1
phonedoctors.com,1
www.wiknix.com,3
directx-9-0c.en.lo4d.com,12
www.linode.com,3
www.ecomputerz.com,2
www.dur.ac.uk,1
www.kb.blackbaud.com,1
www.nerdstogo.com,1
www.planet-source-code.com,1
www.scoresheet.com,1
etrust-ez-antivirus.software.informer.com,1
libzplay.sourceforge.net,1
www.centromultimediale.net,1
consoltech.com,1
www.cedars-sinai.org,1
community.cloudflare.com,2
stats.stackexchange.com,1
sparxsystems.com,1
www.techcrises.com,2
www.westhost.com,3
nexoncommunitytech.fandom.com,1
petapixel.com,1
excel.officetuts.net,3
www.control-escape.com,1
smallvoid.com,1
havecamerawilltravel.com,2
www.exceltip.com,1
www.easeus.de,2
www.simplypsychology.org,1
community.theforeman.org,1
www.usb-over-network.org,1
www.linuxnix.com,1
writnutssoundturn.weebly.com,1
rfmw.em.keysight.com,2
www.java4s.com,1
learn.sparkfun.com,1
forums.xilinx.com,1
www.msi.com,1
www.ni.com,3
kb.simplywebhosting.com,1
helpx.adobe.com,4
www.wired.com,4
oneessentialcommunity.com,1
lignux.com,1
01.org,2
www.vernier.com,1
www.keil.com,1
www.dpreview.com,3
preemo.com,1
www.fluke.com,1
www.palmoilhealth.org,1
www.chip.de,2
baseballcardpedia.com,1
www.antivirus.co.uk,2
www.4tests.com,1
support.intego.com,4
thermostatlab.com,1
pcpress.rs,1
www.jodybruchon.com,1
photography-on-the.net,2
docs.attachmate.com,1
microsoft.fandom.com,3
www.fixcrunch.com,1
rollbar.com,1
www.governmentcomputing.com,1
www.oricom.ca,2
sandstormit.com,1
techlogon.com,6
alicesky02.wordpress.com,1
apps.omh.ny.gov,1
iphone-tricks.com,2
sergeyzhuk.me,1
www.ghostscript.com,1
apkmagic.com.ar,1
www.redwoodlogistics.com,1
getadblock.com,1
affordableelectronics4u.wordpress.com,1
www.clearpathgps.com,1
www.gizbot.com,1
www.gamingdebugged.com,1
support.ihouseweb.com,2
dbaclass.com,1
support.carbonite.com,1
www.liquidweb.com,5
kb.blackbaud.com,2
www.fixdapp.com,5
www.technology.pitt.edu,2
yomotherboard.com,1
adam.rosi-kessel.org,1
www.newegg.com,4
www.pickhvac.com,7
www.juniper.net,1
www.oracletutorial.com,3
magoosh.com,1
videoconverter.iskysoft.com,8
www.webhostinghub.com,1
www.allaboutcookies.org,1
rvm.io,1
www.addictivetips.com,2
www.royalroms.com,2
rcmtech.wordpress.com,1
www.riaume.com,1
www.imdb.com,1
support.zendesk.com,1
trac.ffmpeg.org,2
www.holtsauto.com,1
www.systemcenterdudes.com,1
skype-technical-issues.over-blog.com,1
www.omgubuntu.co.uk,3
chetnanigans.com,1
www.databasejournal.com,1
recroom.happyfox.com,1
blog.runscope.com,1
forums.whirlpool.net.au,1
www.createhosting.co.nz,3
spybot-search-destroy.en.softonic.com,1
www.pcsteps.com,2
developer.blackberry.com,1
kb.nmsu.edu,1
www.notebookreview.com,2
kazaa-lite.en.softonic.com,1
www.aiseesoft.com,4
theconversation.com,1
www.independent.co.uk,1
www.taylorpetrick.com,1
www.dlldownloader.com,12
schooledbyscience.com,1
xbox360help.blogspot.com,2
blog.tonysneed.com,1
www.onlogic.com,1
www.planetrubyonrails.org,1
www.golinuxcloud.com,1
www.davidtan.org,2
www.custompcguide.net,1
www.androidpit.com,1
samsung-pc-studio.soft112.com,1
www.instant-registry-fixes.org,3
www.tomshardware.com,9
www.eehelp.com,6
www.intechopen.com,1
blog.skufel.net,1
rodavigo.net,1
www.automateexcel.com,9
www.geforce.com,2
www.consumer.ftc.gov,1
www.freeformatter.com,1
www.intertech.com,1
www.ybierling.com,1
novirus.uk,1
conlogoboss.netlify.app,1
www.gadoe.org,1
www.msigeek.com,1
www.fmsinc.com,3
mediatemple.net,5
motorcityremotes.com,1
antivirushelp.info,1
javaee.github.io,1
baseballscoring.wordpress.com,1
www.syncfusion.com,2
www.thepcinsider.com,1
www.geniolandia.com,1
kids.kiddle.co,2
www.basiccomputerinformation.ca,1
www.hvachowto.com,1
arstechnica.com,4
www.greengeeks.com,2
www.howtohaven.com,3
blog.sandro-pereira.com,1
thetruthspy.com,1
www.outlookimport.com,1
www.camryline.com,2
chocolatey.org,3
geekswithblogs.net,3
www.vcloudinfo.com,1
psnet.ahrq.gov,2
howardair.com,1
maxchadwick.xyz,1
ww.unina2.it,1
www.section.io,1
practicalcryptography.com,1
bersamatekno.com,1
errorblog.us,1
www.printerstechnicalsupport.com,3
www.officetooltips.com,1
ecobear.co,1
www.techisky.com,3
windows-media-player.en.softonic.com,1
help.syncfusion.com,1
www.justanswer.com,9
es.easeus.com,1
aura-ilmu.com,1
www.pcerror-fix.com,15
www.reveantivirus.com,1
www.idealist.org,1
www.psychestudy.com,3
home.bt.com,3
militarybenefits.info,1
www.pavtube.com,3
editinginsider.com,4
forums.unraid.net,1
www.cs.utah.edu,1
www.anandtech.com,1
www.gihosoft.com,1
weblog.west-wind.com,1
blogs.sap.com,2
turbofuture.com,7
www.windeveloper.com,1
www.cabletv.com,3
mejorantivirusahora.com,1
developer.twitter.com,1
buildahomearcade.com,1
guides.yoosecurity.com,4
www.portannapolis.com,1
www.reviversoft.com,3
www.pctechreviews.com.au,1
www.gofree.com,1
kb.informatica.com,1
www.signalconnect.com,1
www.bynarycodes.com,2
www.thetopsites.net,2
www.spytm.com,1
www.sswug.org,1
help.blackboard.com,1
scambusters.org,1
www.microsoftpressstore.com,4
askbobrankin.com,3
oasysadmin.com,1
www.alignable.com,1
in.pcmag.com,2
wsa.wikidot.com,1
linktek.com,1
clickup.com,1
raspberrypi.stackexchange.com,1
fixitnow.com,1
hp-supportassistant.us,2
www.govmint.com,1
www.chilkatforum.com,1
www.infinetsoft.com,1
www.helpwithmypc.info,1
www.pokemoncoders.com,1
brotherprinterusa.com,1
www.winosbite.com,5
cwatch.comodo.com,1
www.fixyourerrors.com,4
blog.storagecraft.com,2
www.omnisecu.com,1
www.productmanagementexercises.com,1
blog.petrilopia.net,1
www.tomorrowstechnician.com,1
amatrol.com,1
freealarmclocksoftware.com,1
www.thefreewindows.com,3
www.officeinteriors.ca,1
angelcom.com,1
cashkaro.com,1
www.any-video-converter.com,2
www.thejournal.ie,1
brobible.com,1
alistapart.com,1
www.fda.gov,1
www.schneier.com,1
www.ricksdailytips.com,3
www.parthpatel.net,2
www.dnsstuff.com,1
www.trytoprogram.com,3
computerchimp.com,1
www.studytonight.com,3
clario.co,2
www.96boards.org,1
bigfishgames.zendesk.com,1
revive.social,1
database1124.rssing.com,1
www.sentinelone.com,1
www.pcesandiego.com,1
directx-10.en.lo4d.com,1
www.home-network-help.com,1
justaskthales.com,1
www.linuxjournal.com,4
www.hacktrix.com,1
www.vexasoft.com,1
deciphertools.com,1
www.youcanic.com,2
rakhesh.com,2
www.ionos.co.uk,1
gtcfm.com,1
www.medscape.com,1
www.houzz.com,1
www.graphpad.com,2
www.enginebuildermag.com,1
conetrix.com,2
usersnap.com,1
organicgrains.com,1
www.boltnev.com,1
www.heatmasters.com,1
thesouthernladycooks.com,1
www.setra.com,1
datavizcatalogue.com,4
schrockinnovations.com,1
www.credit.com,1
forum.level1techs.com,2
intelligentsystemsmonitoring.com,2
linuxnewbieguide.org,1
www.ou.edu,1
www.gfoa.org,1
all-errors.com,1
www.homeandlearn.co.uk,2
support.whitecanyon.com,1
fleximize.com,2
www.techconsumerguide.com,1
docs.aws.amazon.com,3
error.with.unity.web.player.winfaults.net,1
www.absoluteplumbingmechanical.com,1
www.ato.com,1
www.anyrecover.com,3
howtofixprinterissues.com,1
fileinfo.com,2
repairpal.com,3
trumpexcel.com,4
cleancrispair.com,1
petesgolfcarts.com,1
blog.pythian.com,1
protechgurus.com,1
www.tecism.com,1
un-install.info,1
www.ps3blog.net,1
www.levelpush.com,1
blogs.msmvps.com,2
www.ispringsolutions.com,1
www.sears.com,1
www.optimizemswindows.com,1
heatingforce.co.uk,1
www.gordano.com,1
hostadvice.com,2
networkengineering.stackexchange.com,1
glassdoctor.com,1
www.my-private-network.co.uk,1
famiguard.imyfone.com,1
bosch-dishwasher-errors.com,2
www.brotherprintersupport247.com,2
socratic.org,1
reviews.financesonline.com,1
goldgenerous.netlify.app,1
www.letterspro.com,1
alvinalexander.com,4
www.epa.gov,2
sega.fandom.com,1
www.mail-signatures.com,2
www.ikream.com,2
www.thetrafficticketattorneys.com,1
www.timeperspectivetherapy.org,1
www.digicert.com,2
www.davescomputers.com,1
lookeen.com,2
www.learntoplaymusic.com,1
advisera.com,1
www.gameskinny.com,1
ldap.com,2
www.devicedriverfinder.com,1
wikidll.com,27
www.inchcalculator.com,1
commandwindows.com,1
www.2-remove-virus.com,1
closcounque1974.pixnet.net,1
shoptoolreviews.com,1
downloads.digitaltrends.com,3
react-etc.net,1
www.finalmediaplayer.com,1
www.sparknotes.com,1
david.pryke.us,1
www.installationdeveloper.com,1
thefinancialexpress.com.bd,1
www.jomee-lab.com,1
www.codementor.io,2
www.etrn.com,1
hometheaterreview.com,1
pubmed.ncbi.nlm.nih.gov,1
connectech.us,1
www.urtech.ca,1
www.slicktext.com,1
nyccriminallawyer.com,1
metainf.atlassian.net,1
byronmiller.typepad.com,2
www.cliffsnotes.com,1
docs.unity3d.com,1
sqlstudies.com,1
www.crutchfield.com,1
www.houkconsulting.com,1
www.songho.ca,1
www.passmark.com,1
www.iflscience.com,1
www.techthatworks.net,1
robiulislam.wordpress.com,1
developers.gigya.com,1
ceopedia.org,1
crackknow.com,1
www.sqlrecoverysoftware.net,2
networkencyclopedia.com,2
www.cresinsurance.com,1
kb.acronis.com,4
support.stylemixthemes.com,1
www.freetutes.com,2
mkv-codec.jaleco.com,1
support.tigertech.net,2
forums.mmorpg.com,1
ageeky.com,1
www.chevyhardcore.com,1
newhelptech.wordpress.com,2
speedutilities.com,1
www.thesitewizard.com,2
help.brother-usa.com,5
care.cpisecurity.com,1
8gadgetpack.net,1
softlay.net,7
www.shopback.co.id,1
dcr.poll.error.metawin.org,1
www.yourdictionary.com,1
saferpc.info,1
www.goldinglawyers.com,1
www.lucidchart.com,1
www.2-viruses.com,3
www.malwareremovalguides.info,2
tortoisesvn.net,1
browserfreeze.com,1
www.disk-partition.com,1
www.greennet.org.uk,7
audition.playpark.com,1
colorlib.com,2
iproductkeys.com,2
www.craig.copperleife.com,1
www.cleartechinfo.com,1
math.stackexchange.com,2
www.bestphonespy.com,1
poszukaj.elektroda.pl,3
www.helpwithwindows.com,3
kb.wisc.edu,8
www.streetdirectory.com,7
www.reaper-x.com,1
computingforgeeks.com,2
current.workingdirectory.net,1
www.vanhyundai.com,2
www.iobit.com,4
forum.nextinpact.com,1
www.tonergiant.co.uk,3
www.prelectronics.com,1
usmile.ca,1
thuthuat.taimienphi.vn,2
www.bluestarpower.com,1
www.xataka.com,2
www.mrright.in,1
blog.dbi-services.com,1
cwiki.apache.org,3
www.sodapdf.com,1
www.gogi.in,1
cpn.canon-europe.com,3
logobossagent.netlify.app,1
vimeo.com,1
www.ausgamestore.com,3
techsupportexpert.com,2
community.mcafee.com,2
www.businesswire.com,1
forum.sublimetext.com,1
www.varonis.com,2
r4idsixl.over-blog.com,1
borncity.com,5
ibisinc.com,1
www.weibull.com,1
www.calendar.com,2
wp.xin.at,1
versa-it.com,2
serversmtp.com,6
mssqlwiki.com,1
4sysops.com,4
www.windows-active-directory.com,1
www.indeed.com,2
www.journaldunet.com,1
www.sharepointpals.com,1
printererrorcode.com,2
metacpan.org,2
www.isixsigma.com,1
www.irs.gov,1
smartthermostatguide.com,1
www.4guysfromrolla.com,1
www.winability.com,4
www.sciencelearn.org.nz,2
isoriver.com,1
www.pntbrother.com,1
www.business.com,3
onenote-blog.com,1
networklessons.com,1
www.weinbergerlawgroup.com,1
www.rajras.in,1
etc.usf.edu,3
diabetestalk.net,1
zetcode.com,1
adamtheautomator.com,1
halolaserq.netlify.app,1
www.sperrysoftware.com,1
pypi.org,2
help.hbogo.com,1
www.powertronbatteryco.com,1
www.businessinsider.com,7
www.angelhernandezm.com,1
www.freewebs.com,1
www.winzip.com,4
www.software-matters.co.uk,2
www.itworldexperts.com,1
www.taylorusa.com,1
trailcamerajudge.com,1
www.scooterfocus.com,1
culttech.com,1
www.backupassist.com,1
redmondmag.com,3
showmetheyummy.com,1
www.bctp.com,1
javabeat.net,1
www.slashroot.in,1
www.e-file.com,1
microsoftofficesupport.org,1
www.mbsoftworks.sk,1
www.ubreakifix.com,1
blog.malwarebytes.com,3
www.pcmemoirs.com,1
www.allplayer.org,1
www.g2.com,1
www.provideocoalition.com,1
www.jbtools.com,1
www.dll-files.com,1
www.forcetalks.com,1
www.mywinamp.com,1
www.vcloudnine.de,1
www.computing.dcu.ie,1
www.thefrugalmillionaireblog.com,1
support.corel.com,5
techweb.rohm.com,1
phsengineersltd.co.uk,1
download.komputerswiat.pl,2
www.totalvoicetech.com,1
www.nintendo-wii-explained.com,1
www.toptenreviews.com,5
getprostorage.com,1
www.voip-sip-sdk.com,1
www.labdepotinc.com,1
community.arubanetworks.com,1
kb.datto.com,1
mvlasopa835.weebly.com,1
www.wpxbox.com,1
www.arclab.com,1
heimdalsecurity.com,4
www.computer-networking-success.com,1
www.techinpost.com,3
customer.real.com,4
pluslaserq.netlify.app,1
learntech.uwe.ac.uk,1
enterprisedt.com,1
www.back2gaming.com,1
ece.uwaterloo.ca,2
dev.mysql.com,2
www.maxi-pedia.com,3
support.meetcircle.com,1
axleaddict.com,4
support.pix4d.com,1
itbackyard.com,1
www.convertertools.org,1
www.flyaga.info,1
articlesforwebsite.com,1
www.bbc.co.uk,1
www.cloudwards.net,1
www.recoveroutlookemails.com,2
www.kapilarya.com,1
www.wondershare.com,1
www.itpro.co.uk,4
www.linuxandubuntu.com,1
www.androidauthority.com,3
creamtec.com,1
ballistipedia.com,1
www.securitymagazine.com,1
www.windows-xp-services.com,1
www.unixmen.com,1
aws.amazon.com,1
www.aioboot.com,2
perlmaven.com,2
techcrunch.com,1
www.apriorit.com,2
www.ncconsumer.org,1
community.wemod.com,1
appliance-medic.com,1
www.unitedservicers.com,1
www.ablebits.com,8
wiseuninstaller.com,1
www.technodoze.com,1
www.slrlounge.com,1
www.abcam.com,1
www.tech-pro.net,4
www.optimizely.com,1
devblogs.microsoft.com,2
www.valgrind.org,1
www.mathdoubts.com,1
logobossadventures.netlify.app,1
www.easefab.com,3
help.aol.com,2
forum.kirupa.com,1
oakdome.com,1
www.techinferno.com,1
www.tecklyfe.com,1
www.soundguys.com,1
chemicalstatistician.wordpress.com,1
docs.moodle.org,2
www.utilizewindows.com,2
digitalgraphy.wordpress.com,1
www.mobilegeeks.com,1
www.pspvideo9.com,1
www.alkydigger.net,1
forums.iis.net,2
www.welivesecurity.com,2
thecodebarbarian.com,1
www.stuffedcow.net,1
communities.bmc.com,2
www.lrsoutputmanagement.com,1
docs.parasoft.com,1
thesaffageek.co.uk,1
productkeysdl.com,1
www.poftut.com,5
www.developersbook.com,1
whyevolutionistrue.wordpress.com,1
www.oemheaters.com,1
www.iosdev.recipes,1
windowspcsecrets.com,1
techguided.com,1
www.solutions.microsoftostconverter.com,1
www.roirevolution.com,1
maleshg.wordpress.com,1
www.myonepro.com,1
www.totalpst.com,1
www.tubblog.co.uk,1
m.reolink.com,1
help.dyn.com,1
lockergnome.com,1
callthatgirl.biz,1
www.laptopsupportplus.com,1
www.amazon.co.uk,1
link.springer.com,3
www.petform.net,1
antivirus.best,1
www.mkssoftware.com,2
www.andreafortuna.org,1
downdetector.ca,1
itsfoss.community,1
techjourney.net,3
fronikmibir.weebly.com,1
es.wikipedia.org,1
greensock.com,1
www.centurylinkquote.com,1
www.securityweek.com,1
www.reliancedigital.in,1
www.thrivesure.com,1
fixitclub.com,1
www.espressoguy.com,1
www.gizmodo.com.au,1
woshub.com,5
currents.soest.hawaii.edu,1
www.themuse.com,1
www.techonthenet.com,10
scupful2.rssing.com,1
www.coloradolaw.net,1
www.mgtek.com,1
www.htstechtips.com,1
peoplesofttutorial.com,1
support.cloudways.com,1
www.exe-error-fixes.com,2
www.integratedfiresystems.com,1
www.hpprintersupportpro.us,1
crunchify.com,1
www.vpnranks.com,1
puppet.com,1
www.halolinux.us,1
www.mirazon.com,2
techpenny.com,1
www.futura-sciences.com,1
help.tomtom.com,1
dastetur.over-blog.com,1
www.championsgaragedoorrepair.com,1
simardautomotive.com,1
producthelp.maytag.com,1
www.gnu.org,1
www.fixyourbrowser.com,2
avg-rescue-usb.en.softonic.com,1
dev3lop.com,1
www.egr.msu.edu,1
www.virusbulletin.com,1
www.manageengine.com,6
www.inkhub.com.au,1
lesvirus.fr,1
commandstech.com,2
www.rxlist.com,1
computertipsfor.me,1
botcrawl.com,1
www.doh.wa.gov,1
www.registryfix.net,2
www.toppr.com,2
techblissonline.com,3
thenextweb.com,2
www.savemysystem.co.uk,1
ask.libreoffice.org,1
www.fixyourownprinter.com,1
manasotageeks.com,1
sphweb.bumc.bu.edu,1
www.highspeedtraining.co.uk,1
www.ilsoftware.it,1
www.snopes.com,1
vernierscaliper.com,1
www.pandasecurity.com,2
www.lantronix.com,1
www.handybackup.net,2
www.freelancer.com,1
avg-antivirus-free.en.softonic.com,1
howtofixmyprinter.com,1
android.stackexchange.com,1
wiki.wmtransfer.com,1
blog.andornot.com,1
internetpasoapaso.com,1
www.printer-repair-pasadena.com,1
thebackroomtech.com,3
www.agileit.com,1
blog.rapid7.com,1
www.theptdc.com,1
taylordiesel.com,1
xp-codec-pack.en.softonic.com,9
community.microfocus.com,1
entityframework.net,1
www.aerialsandtv.com,1
bwci.com,1
www.r-econometrics.com,1
slideplayer.com,4
www.exceltrick.com,1
delishably.com,1
help.myhosting.com,1
msoutlookworld.blogspot.com,2
www.computer-specifications.com,1
www.howto-connect.com,3
www.mobydisk.com,1
www.devicetricks.com,3
www.pds-co.com,1
savedelete.com,1
blog.henryong.com,1
www.ruralvisit.com,1
www.free-codecs.com,1
community.dynamics.com,1
avast.softonic.com,2
towardsdatascience.com,2
www.datalab247.com,1
nerdschalk.com,1
sciencefair.math.iit.edu,1
laserjetprinterrepair.com,1
hwshim.wordpress.com,1
www.123seminarsonly.com,1
webgurumumbai.com,1
www.fiix.io,1
burnignorance.com,2
www.malekal.com,2
guides.wmlcloud.com,1
www.resize-c.com,4
fredsappliance.com,1
randomsupport.wordpress.com,1
golfcarttips.com,1
www.kb.blackbaud.co.uk,1
www.tmurgent.com,1
wiki.gentoo.org,3
keio.pure.elsevier.com,1
cmake.org,1
www.geeksengine.com,1
www.verywellmind.com,1
www.sherweb.com,2
wiki.asterisk.org,1
spy-sweeper.en.softonic.com,1
www.searspartsdirect.com,2
2nwiki.2n.cz,3
gocardless.com,1
www.grin.com,1
journalofethics.ama-assn.org,1
bnh.com.my,1
www.theexperienceblog.com,1
www.numark.com,1
inspectapedia.com,4
www.spappmonitoring.com,1
bayton.org,1
www.fsai.ie,1
help.minecraft.net,1
lovelifestatus.com,1
readwrite.com,1
textmultifiles266.weebly.com,1
forums.launchbox-app.com,1
www.laptoprepair101.com,1
www.uninstallhelps.com,3
www.w3schools.com,2
www.accuratereviews.com,1
www.mytechopinion.com,1
earlybirdelectricians.com,2
beta.wikiversity.org,1
josefbacik.github.io,1
www.lovemyfire.com,1
tips4pc.com,1
www.autorepairmountainviewca.com,1
support.allstream.com,1
www.sloanappliance.com,2
ecomputernotes.com,1
www.tune-your-pc.com,2
www.apowersoft.com,1
roleplayjuridico.com,1
www.collinsaerospace.com,1
rep.bioscientifica.com,1
flylib.com,2
petri.com,2
www.betamachinery.com,1
tweakers.net,1
github.com,2
www.consumersadvocate.org,1
www.drivethelife.com,13
quantrimang.com,2
mediacomcc.custhelp.com,1
www.webtekno.com,1
digi-cron.com,1
linux-kernel-labs.github.io,1
www.openbay.com,1
help.edovia.com,1
boredzo.org,1
wiki.freebsd.org,1
www.lifeder.com,1
www.deccanherald.com,1
www.softwaresuggest.com,1
www.floridabar.org,1
larryjordan.com,1
www.mercurymarine.com,1
www.vsysad.com,1
central-7-0-x86-64.rocksclusters.org,1
www.mightybargainhunter.com,1
www.wizardofkansas.com,2
www.bakerandgilchrist.com,1
docs.bugsnag.com,1
sensibledigs.com,1
pc-solucion.es,1
www.wellandgood.com,1
www.electronicshub.org,3
www.risingsunpools.com,1
blog.hubspot.com,4
www.dideo.ir,1
helpblog.blackberry.com,1
rdrr.io,1
blogs.sun.ac.za,1
mpeg2-works-advanced.en.softonic.com,1
www.helpnetsecurity.com,2
www.metrofuser.com,1
xboxredringofdeath54.wordpress.com,1
blogs.windows.com,4
freephonespy.net,1
www.reclaime.com,1
blog.jasonantman.com,1
www.learncpp.com,1
ischool.sjsu.edu,1
www.quexcel.com,1
zip-firm.hatenablog.com,1
scikit-learn.org,1
keyscrack.com,1
kb.sandisk.com,1
blog.wildix.com,1
www.getsupportnumber.com,2
www.pctechguide.com,1
www.loveroms.online,1
directx.jaleco.com,1
etutorials.org,1
xquizit.co.za,1
www.novak-adapt.com,1
www.mathworks.com,2
www.psu.com,1
www.spambrella.com,1
community.idera.com,1
www.therevisionist.org,1
source.android.com,1
cplusglobal.wordpress.com,1
protechknowledge.eklablog.com,1
excrack.com,1
nwjs.readthedocs.io,1
vitux.com,1
xebia.com,1
www.mail.com,1
www.allmusic.com,1
www.anysoftwaretools.com,1
www.emailadepts.com,1
resources.whitesourcesoftware.com,1
discuss.codecademy.com,1
support.cumulusnetworks.com,1
flyawaysimulation.com,1
spywareremovalreviews.com,1
www.informationweek.com,1
downdetector.com.au,1
www.clonefileschecker.com,1
www.zentut.com,1
www.tiposde.org,1
www.goodhousekeeping.com,1
www.bestconsumerreviews.com,1
tinydns.org,1
www.mdedge.com,1
www.beencrypted.com,2
binarydebt.wordpress.com,1
dannysengineportal.com,2
banagale.com,1
egarc.ku.edu,1
digitalconqurer.com,1
blogs.gentoo.org,1
netbeez.net,1
home.elka.pw.edu.pl,1
us.sagepub.com,1
www.coretechnologies.com,2
www.advicenow.org.uk,1
www.pitt.edu,2
www.thepennyhoarder.com,1
www.dailypioneer.com,1
www.sysprobs.com,1
www.modernsurvivalists.com,1
enacademic.com,1
www.elprocus.com,2
www.adobe.com,1
ps2.fandom.com,2
www.seguridadenlared.org,1
allproductkey.com,1
www.flexihub.com,1
nvd.nist.gov,1
effbot.org,1
obinshah.wordpress.com,2
community.oracle.com,1
www.bitsdujour.com,1
community.nxp.com,1
community2.dynamics-int.com,1
www.enterprisenetworkingplanet.com,1
vox.veritas.com,2
www.pnas.org,1
premiumtoners.com,1
answers.axonivy.com,1
www.theverge.com,4
lizardfs.com,1
www.scribeamerica.com,1
visualstudiomagazine.com,1
nsis.sourceforge.io,2
installshield-professional.jaleco.com,1
www.how2repairoutlookpst.com,1
www.revove.com,1
www.altn.com,1
william.famille-blum.org,1
www.theglobeandmail.com,1
tutorial.math.lamar.edu,1
turbolab.it,1
megabite.nl,1
atlas.runtime.module.error.stoperrors.org,1
www.bruceb.com,4
www.pugetsystems.com,1
safetymanagementgroup.com,1
support.isoc.net,2
asia.canon,2
mintywhite.com,1
www.freeviewnz.tv,1
support.controlup.com,1
www.digitalocean.com,3
blog.scoopz.com,1
www.hvac-for-beginners.com,2
aristair.com,2
erroranswers.com,1
www.drostdesigns.com,1
washington-quarters.com,1
syncwithtech.blogspot.com,1
rubytalk.org,1
mobiforge.com,1
www.chriswrites.com,1
www.tips-howto.com,1
picclick.com,1
freeonplate.com,3
techtalk.pcmatic.com,3
www.soundmoneymatters.com,1
wiki.mattrude.com,1
libguides.hamilton.edu,1
www.itweb.co.za,1
www.consumerreports.org,2
stackheating.com,1
www.overclockersclub.com,1
www.digit.in,1
www.crmkonsulterna.se,1
rubenerd.com,1
qsen.org,1
www.theindoorhaven.com,1
www.thinktankhome.com,1
magcon.freshdesk.com,1
www.databaseteam.org,1
online.infomatics.info,1
www.giardiniblog.it,1
www.bluraycopys.com,1
www.anaheim-garage-doors.com,1
www.medcominc.com,1
www.wintuts.com,3
www.ocu.org,1
vmsoftgo.tistory.com,1
www.how-to-repair.com,1
www.concurrency.com,1
www.bestprice.ink,1
regroove.ca,1
action-andi.com,1
www.choice.com.au,1
mariadb.com,1
www.ariannamicrochip.it,1
www.technewsworld.com,1
forum.netgate.com,1
reference.digilentinc.com,1
votepair.org,1
techtalk.gfi.com,4
gparted.org,1
www.technologytips.com,1
www.premiumbeat.com,1
driverwhiz.com,3
www.consideritfixed.com,1
www.nazmulhuda.info,1
www.delltechnicalsupportnumber.com,1
www.journalofaccountancy.com,1
www.watchingthenet.com,4
www.techbuzz.in,1
excelribbon.tips.net,1
mcuoneclipse.com,1
installmate.com,1
store.hp.com,5
windows.tips.net,1
sumeetkushwah.com,1
www.thesawguy.com,1
qpdownload.com,2
canoncanada.custhelp.com,1
codewithchris.com,1
www.growweedeasy.com,1
www.runtimeerrorsolution.com,1
www.hostgator.com,1
undo.io,2
www.ibiblio.org,1
www.winytips.com,1
www.bonappetit.com,1
www.epsonprintersupport247.com,1
www.build-gaming-computers.com,1
faxauthority.com,1
www.corvette-mag.com,1
strategyquant.com,1
www.jodyhatton.com,1
www.surina.net,1
www.powermax.com,1
www.eventtracker.com,1
www.macintoshhowto.com,1
msfn.org,1
wpengine.com,1
www.jquery-az.com,1
www.rakuten.com,1
www.choosekobella.com,1
people.duke.edu,1
safetymanagement.eku.edu,1
www.techbout.com,3
www.todayifoundout.com,1
zelda.gamepedia.com,1
www.adeptscience.co.uk,2
www.lcn.com,2
www.pawelporwisz.pl,1
repair-indd-files.wixsite.com,1
www.tech-wonders.com,1
cna.mamk.fi,1
www.daniweb.com,1
avast.helpmax.net,1
helpdesk.pronestor.com,1
www.compros.com,1
global.techradar.com,1
www.softdownload.com.br,1
docs.lansa.com,1
www.securitystronghold.com,2
www.altiumleadership.com,1
www3.ntu.edu.sg,1
www.noip.com,2
uppslaget.se,1
www.remote-dba.net,1
www.betterbuilt.com,1
www.wiimc.org,1
www.regpacks.com,1
technewskb.com,1
www.qualtrics.com,3
www.crucial.com,3
gearstar.com,1
www.3u.com,1
colcasac.com,1
www.fixdevicehealth.com,1
www.serverbrain.org,3
www.javelin-tech.com,1
espace.cern.ch,1
www.fastvideoindexer.com,1
www.windows-help-central.com,1
pcgoblin.wordpress.com,1
www.vkernel.ro,2
pupuweb.com,2
illuminati.services,1
pcsolutionlanny.over-blog.com,2
ingogegenwarth.wordpress.com,1
www.sportzone.ma,1
www.blanchardgold.com,1
www.oemailrecovery.com,1
www.ntfs.com,3
www.virtualbox.org,1
apereo.github.io,1
joshmoulin.com,1
www.irwinmitchell.com,1
techdirectarchive.com,1
troubleshootwindows.com,1
www.opcti.com,1
standalone-sysadmin.com,1
www.bforbloggers.com,1
www.pitneybowes.com,1
www.blog.edbtopst.org,1
www.cisecurity.org,2
crashrpt.sourceforge.net,1
www.team-mediaportal.com,1
cloudsmilon.netlify.app,1
service.elsevier.com,1
sitesdoneright.com,1
www.wallstreetmojo.com,4
www.theregister.com,3
www.patrickschadler.com,1
www.shellscript.sh,1
support.pstnet.com,1
en.ryte.com,1
www.brighthub.com,3
www.get-itsolutions.com,2
www.a2hosting.com,1
www.cybersecurity360.it,1
k-lite-codec-pack.en.lo4d.com,1
geekflare.com,2
www.technospot.net,1
www.batterychargers.com,1
major.io,1
en.uesp.net,1
www.appgeeker.com,1
support.bell.ca,1
www.spiceworks.com,3
www.westgard.com,3
mizitechinfo.wordpress.com,1
www.superdupertcg.com,1
es.windoq.com,1
www.telus.com,1
www.pcgamesn.com,2
sg.canon,2
microsoft-snipping-tool.software.informer.com,1
www.whathifi.com,1
brilliant.org,1
externals.io,1
www.mediacollege.com,3
www.excelfunctions.net,1
www.windowstechit.com,2
kpixel.com,1
directx-end-user-runtime-web-installer-june-2010.en.lo4d.com,3
outlook.uservoice.com,1
www.wireshark.org,1
msexchangeguru.com,1
www.timeslipssupport.com,1
wiki.openmrs.org,1
informatics.perkinelmer.com,1
www.thoughtspot.com,1
freshsparks.com,1
www.jijitechnologies.com,1
www.techadvisory.org,1
myfreshgists.com,1
trotuar-krasnodar.ru,1
www.ukessays.com,2
fatxplorer.eaton-works.com,1
www.virtual-dba.com,2
qasolved.com,5
www.compandsave.com,1
www.flashdesigner.com.hk,1
www.developer.com,1
www.centralhtg.com,1
itphobia.com,1
bhoover.com,1
www.acmehowto.com,1
www.outlook-apps.com,1
www.toolsqa.com,1
www.movavi.com,1
drfone.wondershare.com,5
www.codingdomain.com,1
www.mcafee.com,2
www.irrigationtutorials.com,1
www.fixrunner.com,1
soroush.secproject.com,1
forums.verizon.com,1
www.clubic.com,1
www.404techsupport.com,1
forums.method.me,1
www.truecrypt71a.com,1
forum.manjaro.org,1
www.landmarkhw.com,1
techbrij.com,1
www.progressivecommercial.com,1
greatoptions.org,1
techsupport.foreverwarm.com,1
forum.imgburn.com,1
www.datarepairtools.com,3
www.nasatm.com,2
www.linux-magazine.com,1
www.ismash.com,1
www.spadepot.com,1
godkillzyou.wordpress.com,1
www.emailfix.org,1
venturebeat.com,1
www.nbcnews.com,1
www.meridianoutpost.com,1
www.sweclockers.com,1
jaxov.com,1
www.registry-clean-up.net,10
blog.beezix.com,1
www.altaro.com,1
www.appservgrid.com,1
www.aimersoft.com,1
www.gonitro.com,1
latechie.com,1
www.postgresql.org,1
blog.privatewifi.com,1
docstore.mik.ua,1
bugreports.qt.io,1
www.geekdashboard.com,2
www.878help.com,1
perian.org,1
www.freefixer.com,3
threatpost.com,1
www.ftadviser.com,1
code-maze.com,1
corz.org,1
www.jamescoyle.net,2
gavinsoorma.com,1
thefactfactor.com,2
homesteady.com,1
machinelearningmastery.com,1
community.acer.com,1
it.easeus.com,1
www.pmkm.com,1
community.hostek.com,1
www.linuxtopia.org,1
www.itsfullofstars.de,1
wordpress.com,1
omourad.blogspot.com,1
admhelp.microfocus.com,1
anandmandilwar.com,1
answers.sap.com,2
www.atmdepot.com,1
www.hvactrainingsolutions.net,1
wiki.debian.org,1
www.pcworld.idg.com.au,1
innov8tiv.com,1
fstoppers.com,1
www.ratiovending.com,1
www.remorepair.com,1
www.hdmediamatters.com,1
www.loudersound.com,1
www.whatech.com,2
wiki-errors.com,1
raviteja8.wordpress.com,1
www.keycdn.com,2
gilsmethod.com,1
howtorecover.me,1
hackage.haskell.org,1
springframework.guru,1
microsoftsupport.cc,2
www.fosslinux.com,1
www.medo64.com,1
www.dickinson.edu,1
www.pc1news.com,1
www.prajwaldesai.com,1
www.codeclouds.com,1
www.keysight.com,1
www.advantage77.com,1
www.ceotecnoblog.com,1
support.quest.com,1
www.mirion.com,1
microcom.tv,1
environmentalcomputing.net,1
net-informations.com,3
www.guru3d.com,1
www.nwea.org,1
techsecurityreviews.com,1
cedric.babault.free.fr,1
combofix.org,1
www.freeemailtutorials.com,1
www.avnetmssolutions.com,1
hasstoppedworking.com,1
www.raymaps.com,1
www.winsocketdotnetworkprogramming.com,1
blog.discogs.com,1
sqltechtips.blogspot.com,1
rammichael.com,1
www.learnpick.in,1
bdwyertech.net,1
epsonsupports.net,1
www.psnet.ahrq.gov,1
mobiola-xplayer-android.cantokilograms.space,1
www.elcorteingles.es,1
www.activextest.com,1
www.ostfile.com,1
noalertleftbehind.blog,1
www.quickbooksupport.net,1
www.prohavit.com,1
gobdp.com,1
www.techyuga.com,1
ndpr.nd.edu,1
www.trialopedia.com,2
www.crtucson.com,1
www.quickbooksenterprisessupport.com,3
www.card-data-recovery.com,1
www.crazydomains.com.au,1
www.ralphjohns.co.uk,1
www.camillasenglishpage.org,1
confluence.atlassian.com,7
people.ece.umn.edu,1
help.dreamhost.com,2
www.proofhub.com,1
www.electronics-tutorials.ws,1
www.installpackbuilder.com,1
openfileextension.com,1
www.f5.com,1
www.m3datarecovery.com,1
www.protechtraining.com,1
www.gieseke-buch.de,1
219.118.213.144,1
community.ebay.com,1
www.homeserve.com,1
www.belkin.com,1
www.staples.com,1
androidtutorial.net,1
www.socscistatistics.com,1
www.humidifiergeek.com,1
nathanwmorris.com,1
www.greenbook.org,1
www.legoengineering.com,1
wasthatsohard.wordpress.com,1
getjerry.com,1
www.codejourney.net,1
www.paessler.com,2
bleacherreport.com,1
www.isitdownrightnow.com,1
community.sophos.com,1
pro.tools.dae.error.7400.errorwiki.org,1
support.twilio.com,1
www.techpluto.com,1
windows-7-codecs-pack.en.softonic.com,2
www.redrockmechanical.net,1
www.addlink.es,1
www.worldcomputing.it,1
easy.mp3.downloader.keeps.saying.network.error.metawin.org,1
www.teachucomp.com,2
www.webtech360.com,1
es.bccrwp.org,1
forum.uipath.com,1
www.usacoinbook.com,1
glowzay.hatenablog.com,1
www.vembu.com,2
www.appliancerepairlesson.com,1
omeka.org,1
help.adobe.com,3
www.irishtimes.com,1
journalxtra.com,1
channel9.msdn.com,1
withsteps.com,1
news.manikarthik.com,1
www.surveysystem.com,1
www.marinamele.com,1
interactivewebs.com,1
www.bugsnag.com,1
community.intersystems.com,1
www.loginradius.com,1
www.fileplanet.com,1
sectigostore.com,3
www.realmodscene.com,1
www.petefreitag.com,1
malware-guide.com,1
pepipost.com,1
clarendonlawyers.com.au,1
appslova.com,1
www.circuitstoday.com,1
newatlas.com,1
support.infrasightlabs.com,1
errorreport.autodesk.com,1
www.webii.net,1
icloud-control-panel.en.lo4d.com,1
www.usatoday.com,1
instrumentationtools.com,1
www.ecured.cu,1
blog.online-convert.com,1
www.styleadvisor.com,1
www.security-faqs.com,1
www.double-entry-bookkeeping.com,1
cyberlab.pacific.edu,1
www.2carpros.com,1
blog.fmsinc.com,1
docs.devexpress.com,1
www.aircrack-ng.org,2
www.isdecisions.com,1
www.thesprucecrafts.com,1
domainwebcenter.com,1
kb.benchmarkemail.com,1
microsoftliveassist.com,1
ssftribute.csdprojects.co.uk,1
www.networkcomputing.com,1
www.cheapair.com,1
scn.sap.com,1
www.pctechbytes.com,2
www.appliancecodes.com,1
learntechway.com,1
www.easypcmod.com,3
pediaa.com,1
www.file-extension.org,1
www.accountspro.co,2
www.macbookdatarecovery.org,1
www.phhsnews.com,1
www.iskysoft.com,2
www.mattmontag.com,1
www.intel.co.uk,1
www.chegg.com,1
www.red-gate.com,1
www.kminomya.com,1
www.scribendi.com,1
highspeedexperts.com,1
gamerjournalist.com,1
www.stage773.org,1
megustacoffee.com,1
www.poweradmin.com,1
www.psychologytoday.com,1
sundstedt.se,1
www.techeligible.com,1
outwardtruth.com,2
troypoint.com,1
root.cern.ch,1
www.instanttfn.com,1
www.tutorialdocs.com,1
www.seerinteractive.com,1
www.repairexcelfile.com,2
www.sumproduct.com,1
duo.com,1
www.startech.com,1
www.audioblog.iis.fraunhofer.com,1
www.susa.net,1
www.dvdshrink.org,1
explorable.com,1
blog.berniesumption.com,1
www.delphiglass.com,1
vbcity.com,1
umardanny.com,1
www.nap.edu,1
gbhackers.com,1
historymatters.gmu.edu,1
broadbandnow.com,3
www.adventmediainc.com,1
www.indesitservice.co.uk,1
exchangemaster.wordpress.com,1
www.usb-drivers.org,1
eventlogxp.com,1
www.pcwdld.com,2
redstapler.co,1
wiki.multimedia.cx,1
www.medallionenergy.com,1
liliputing.com,2
www.linkconsulting.com,1
nzcandlesupplies.nz,1
errorcodeguru.com,2
www.shellhacks.com,1
www.cliftonsystems.co.uk,1
www.itgeared.com,1
gioxx.org,1
www.partselect.com,1
www.multiplemonitors.co.uk,1
auto.howstuffworks.com,1
support.hostway.com,1
docs.bmc.com,1
thebluedot.net,1
www.databasestar.com,2
www.xmedia-recode.de,1
blog.solidsignal.com,3
www.airwatergas.com.au,1
www.drupal.org,1
www.robinhobo.com,1
www.uninstallsupport.com,1
www.thehomesecuritysuperstore.com,1
microchipdeveloper.com,1
www.win-rar.com,2
cheapsslsecurity.com,2
ifixscreens.com,1
www.wintools.info,1
www.solveigmm.com,1
www.lbrty.com,1
directx-11.en.lo4d.com,2
bios-repair.co.uk,1
volpefirm.com,1
www.math.arizona.edu,1
ipodiphoneitunestutorials.com,1
www.do-it-yourself-help.com,1
shabaztech.com,1
www.mmbyte.com,1
mathinsight.org,1
ru.wikipedia.org,1
printers.iyogi.com,1
www.liberiangeek.net,2
www.ratehub.ca,1
walbourn.github.io,1
www.mdbfix.com,1
www.escanav.com,1
www.killdisk.com,1
howto.org,1
www.amd.com,1
castlevania.fandom.com,1
improvephotography.com,1
www.troublefixers.com,1
realpars.com,1
osqa-ask.wireshark.org,1
examples.yourdictionary.com,1
msi-live-update.en.lo4d.com,1
ketiv.com,1
www.funtoo.org,1
www.mql5.com,1
www.wikiaccounting.com,1
autowise.com,1
printersupportnumber365.com,3
www.pagecloud.com,1
www.sysadminlab.net,1
www.surfnetkids.com,1
www.pdr.net,1
www.mailconvertertools.com,2
www.cyberphysics.co.uk,2
www.all-nettools.com,1
geology.usgs.gov,1
docs.sentry.io,1
sigmazone.com,1
notsomany.com,1
windowspowershell.wordpress.com,1
www.proginosko.com,1
www.valpont.com,1
math.libretexts.org,2
www.quickheal.com,1
freedom.press,1
www.reliableplant.com,1
www.donnywals.com,1
bippermedia.com,1
blog.firestonecompleteautocare.com,2
www.pharmtech.com,1
www.thespruce.com,1
navisionary.com,1
middlewaremagic.com,1
www.workfront.com,1
jimsplumbing.net.au,1
macreports.com,1
helgeklein.com,1
mangolassi.it,1
www.siteground.com,1
www.experimentalaircraft.info,1
excelatfinance.com,1
www.tomshw.it,1
acethinker.com,1
www.uttglobal.com,1
www.waterheaterhub.com,1
www.madgetech.com,1
www.orbit-computer-solutions.com,1
www.toolbox.com,3
www.muvi.com,2
www.webopedia.com,1
www.gratissoftwaresite.nl,1
www.ebay.co.uk,1
spyware-doctor.en.lo4d.com,1
pocketpccentral.net,1
support.winzip.com,2
support.digital-watchdog.com,1
www.h264encoder.com,1
highperformancehvac.com,2
greatinfusions.com,1
ps2bios.xyz,1
everymac.com,1
www.askwoody.com,1
wiki.fairfield.edu,1
advantage77.com,1
techoverflow.net,1
bettersolutions.com,1
www.pc-magazin.de,1
it-it.facebook.com,1
www.nicepriceit.de,1
www.kantokaraoke.com,1
www.rebeladmin.com,1
www.knowledgehut.com,1
canonprintersupportnumbers.com,1
css-tricks.com,1
wiki.openoffice.org,1
freemind.sourceforge.net,1
www.jhsph.edu,1
www.monitis.com,1
blog.didierstevens.com,1
techchunks.com,1
www.beckyclay.com,1
www.automai.com,1
lensblogger.typepad.com,1
www.smartgametech.com,1
www.medicalbillingandcoding.org,1
books.google.com.tr,1
community.cricketwireless.com,1
www.sereneteh.com,1
stuff.seans.com,1
www.dcslsoftware.com,1
routerexperts.net,1
support.faxmaker.gfi.com,1
finance.yahoo.com,1
www.helpuninstaller.com,1
www.thoughtco.com,1
qastack.info.tr,1
www.bitchute.com,1
www.outlookfilerecovery.com,2
www.besttechtips.org,4
www.google.com,1
www.quakenet.org,1
www.firstpost.com,1
www.windows10themes.net,1
www.agenciatributaria.es,1
www.lakehorn.com,1
academic.oup.com,1
www.bettercloud.com,1
techdows.com,1
www.websecurity.digicert.com,1
wrap.warwick.ac.uk,1
itconnect.uw.edu,1
www.perfecto.io,1
practicalmechanic.com,1
www.haiku-os.org,1
withtimetospare.com,1
jpsoft.com,1
www.ultimatebootcd.com,1
help.turbolaw.com,1
task-manager1.software.informer.com,1
www.antivirusupportplus.com,1
www.data-recovery-solutions.com,1
www.evaluationengineering.com,1
vispud.blogspot.com,1
pl.pcthreat.com,1
www.avid.com,1
blog.winhost.com,1
practical365.com,1
voxamps.com,1
llvm.org,1
wccftech.com,1
www.franchisegator.com,1
www.ssl2buy.com,1
bitmovin.com,1
documentation.pdq.com,1
abuyguide.com,1
www.ee.surrey.ac.uk,1
techieinspire.com,1
linkelectronics.com,1
www.loggly.com,2
support.warmup.co.uk,1
www.briggsandstratton.com,1
www.webdevelopersnotes.com,1
aaronsplace.co.uk,1
linustechtips.com,1
zim-wiki.org,1
answers.yahoo.com,1
www.databasedev.co.uk,1
www.titrations.info,1
www.flexera.com,1
www.idera.com,1
mechanicbase.com,1
bios-setup.org,1
blogs.perficient.com,1
www.dondraper.com,1
enterprise.spectrum.com,1
terenceluk.blogspot.com,1
digi.ninja,1
toolsbestline.hatenablog.com,1
demand997.rssing.com,1
bookdown.org,1
coreos.com,1
forum.openmandriva.org,1
sqlundercover.com,1
data.lifeguard.diagnostic.error.code.0007.metawin.org,1
id.k2rx.com,1
www.interserver.net,1
home.sophos.com,1
hottubworks.com,2
iep.utm.edu,1
northsideforyourhome.squarespace.com,1
www.brorsoft.com,1
www.can-wiki.info,1
www.ishs.org,1
nathanbrixius.wordpress.com,1
www.tutorialsteacher.com,1
www.wiki-security.com,1
labtestsonline.org,1
www.fleekitsolutions.com,1
trove.nla.gov.au,1
www.redips.net,1
www.dartmouth.edu,1
safety.yahoo.com,1
www.zoiper.com,1
blog.blueprintprep.com,1
www.naturettl.com,1
spectrumbusinessinsights.com,1
tehnoblog.org,1
stackabuse.com,1
www.videosurveillance.com,1
blog.netgautam.com,1
support.planwithvoyant.com,1
www.brorsoft.cn,1
statanalytica.com,1
www.nutaq.com,1
www.ismp.org,1
forum.acronis.com,1
www.mactip.net,1
yuenhoe.com,1
hub.packtpub.com,1
e3sparkplugs.com,1
www.sciencedaily.com,1
vmarena.com,1
www.comparedandreviewed.com,1
nlsblog.org,1
www.industrialboiler.com,1
forums.pcmatic.com,1
www.totalsystemcare.com,1
bernd-ryke-gs.de,1
freaksense.com,1
gardenerspath.com,1
www.fastpictureviewer.com,1
www.thinkoholic.com,1
www.cs.mcgill.ca,1
www.camelbackhyundai.com,1
www.nwhvac.net,1
command-tab.com,1
chainsaw-workshop-manual.com,1
security.calpoly.edu,1
minervadb.com,1
bmjopen.bmj.com,1
www.aliem.com,1
fixmyprinter.us,1
altcodeunicode.com,1
spark.iop.org,1
office-watch.com,1
www.isobudgets.com,1
www.harddriverecoverypa.com,1
www.fixkb.com,1
homeguides.sfgate.com,1
www.doofinder.com,1
www.memorycow.co.uk,1
www.numberforhelp.com,1
www.accountinghub.co,1
www.techtravelhub.com,1
www.quickensupportline.com,1
www.ctimls.com,1
www.expertadviceinfo.com,1
www.cryer.co.uk,1
www.samsung.com,6
validedge.com,1
www.macissues.com,1
storageioblog.com,1
small-bizsense.com,1
thelemonfirm.com,1
www.powershell.no,1
thevpn.guru,1
www.windowsphoneinfo.com,2
pinnacle.studio.error.applying.transforms.errorwiki.org,1
help.eset.com,1
www.bosch-home.com,1
help.fasthosts.co.uk,1
www.freemake.com,3
www.howtoforge.com,2
www.elmedia-video-player.com,1
littlekendra.com,1
hostingpill.com,3
www.thebalancecareers.com,1
www.mspitservices.com,1
www.davidlennon.com.au,1
kb.parallels.com,2
winningwp.com,1
www.joomlashack.com,2
pyatilistnik.org,1
wiki-249575.speedware.org,1
qbdataservicesupport.com,2
www.imymac.com,1
www.assistanceforall.com,1
www.softwarehow.com,3
cmos.checksum.error.biostar.stoperrors.org,1
blog.mastykarz.nl,1
dannyda.com,1
moz.com,2
www.berrymanproducts.com,1
diaryproducts.net,1
www.print-conductor.com,1
www.stechies.com,2
support.native-instruments.com,1
www.advancedclustering.com,1
kevinholman.com,1
blog.embrace.io,1
lettoknow.com,1
www.biochemia-medica.com,1
ugp01.c-ij.com,1
beebom.com,1
www.shouldiremoveit.com,3
spring.io,1
error.1316.removing.ask.toolbar.metawin.org,1
developer.okta.com,1
www.shoviv.com,1
comofficesetup.com,2
www.detectingadwarespyware.com,1
securenetworksitc.com,1
www.processlibrary.com,6
www.autozone.com,1
www.devhut.net,1
www.digital-photo-secrets.com,1
www.hostdocket.com,6
www.unlockunit.com,2
www.ofzenandcomputing.com,1
www.couponxoo.com,5
www.dmxready.com,1
www.javainterviewpoint.com,1
kb.printerlogic.com,1
isocpp.org,2
www.brentozar.com,1
sendersupport.olc.protection.outlook.com,1
apps.support.sap.com,3
www.autoguide.com,1
stmichaelshospitalresearch.ca,1
www.uslsoftware.com,1
checkmybroadbandspeed.online,1
documentation.meraki.com,1
www.chryslerproblems.com,1
potools.blogspot.com,2
www.cyclonis.com,1
eset.version-2.sg,2
thestarman.pcministry.com,1
hellothere937.weebly.com,1
thisinterestsme.com,3
freepowerpointtemplates.com,1
techisours.com,2
emsginc.com,1
fix4dll.com,7
askinglot.com,2
www.tomjepson.co.uk,1
wikiresolve.com,1
www.wisebread.com,1
www.techiecorner.com,2
docs.moodle.carleton.edu,1
blog.fosketts.net,2
www.windowsdatarecoverysoftware.com,2
www.clevguard.com,1
sqlbak.com,1
antiviruswiki.com,1
www.openradar.me,1
www.etrailer.com,1
drivinglife.net,1
errorcodespro.com,3
cms.supervisor.16.2.error.429.stoperrors.org,1
failblog.cheezburger.com,1
www.dataforensics.org,2
mywindowshub.com,2
www.fixerrs.com,4
www.pro-tools-expert.com,1
error.product.not.found.kms.activation.metawin.org,1
brood.war.data.file.error.stoperrors.org,1
bytebitebit.com,1
www.theiphonewiki.com,2
support.waters.com,1
www.mygeekshelp.com,1
toolbox.iskysoft.com,4
itsiti.com,1
www.mindtimebackup.eu,2
www.msoutlookware.com,1
arc.error.opening.feature.class.stoperrors.org,1
support.plesk.com,5
scdn.rohde-schwarz.com,1
www.inklineglobal.com,2
www.pstrepairtool.org,1
spyware_doctor.en.downloadastro.com,1
www.sinobiological.com,1
www.mediawiki.org,1
www.egress.com,1
www.wpkube.com,1
www.remooptimizer.com,2
www.eventid.net,15
www.maxpcsecure.com,3
www.weareoncare.com,1
carla.umn.edu,1
securelist.com,1
gisgeography.com,1
www.founderjar.com,1
www.landfx.com,1
www.majorgeeks.com,4
www.trustradius.com,3
thewindowscentral.com,1
microsoft-windows-installer.en.softonic.com,1
the.earth.li,1
www.faronics.com,1
xnspy.com,1
mailboxreader.wordpress.com,1
connect.error.1460.outlook.stoperrors.org,1
www.itechgyan.com,1
programmersought.com,1
www.reviews.org,2
osteogait.com,2
www.medwrench.com,1
torquemag.io,1
www.vidar.com,1
www.dignited.com,2
blog.udemy.com,1
coding.fm,1
meijerstyle.com,1
bsods.net,3
www.brainscape.com,1
www.webwatcher.com,1
hk-en.norton.com,1
support.kaspersky.com,1
aamarthedal.com,1
scootdawg.proboards.com,1
www.einvestigator.com,1
sqlserver-help.com,1
uvpnoeqk.web.app,1
bin95.com,1
www.nextpit.com,1
javarevisited.blogspot.com,1
techsupportsnumber.com,1
www.chinese-tools.com,1
www.fileinspect.com,2
www.heatware.net,1
winamp-classic.en.softonic.com,2
crystal.report.engine.error.707.metawin.org,1
lenovosupport.net,1
forums.codeguru.com,1
phoenixnap.com,1
www.pcretailmag.com,2
helpdesk.win2pdf.com,1
www.pstrecovery.net,2
www.emailoverloadsolutions.com,1
winamp-media-player-11.softonic.com,1
www.abc.net.au,1
www.eset.com,2
www.hpprintersupportpro.com,1
forums.devx.com,1
www.veracode.com,1
www.itpro.com,3
www.mrrooter.com,1
vehq.com,1
www.tech2assist.com,1
www.dreamincode.net,1
oliverkieselbach.com,1
web.cs.ucla.edu,1
blitzkrieg.2.error.577.stoperrors.org,1
www.socketlabs.com,2
getalltech.com,3
www.seattleserver.com,1
www.enginemailer.com,1
www.vox.com,2
out-lame.soft112.com,1
www.elasticsky.de,2
neilpatel.com,1
www.whoishostingthis.com,1
hey.space,1
7datarecovery.com,1
advent.thermostat.error.codes.stoperrors.org,1
www.techsupportforum.com,4
www.quicken.com,1
digitalguardian.com,2
www.macrumors.com,1
tencomputer.com,3
flv-codec-for-media-player-9.peatix.com,1
bleuwire.com,3
whatisky.00it.com,1
www.etaleteller.com,1
alloyphoto.com,1
software.databasedevelop.com,3
comodosslstore.com,2
connection.terminated.error.huawei.stoperrors.org,1
searchdomino.techtarget.com,1
acmon.error.windows.8.asus.stoperrors.org,1
innoreviews.com,1
mail-setup.com,1
www.dllme.com,3
www.windowsfilerecovery.com,1
www.androiddata-recovery.com,1
www.yourdigitalmind.com,1
encore.error.trims.and.or.chapters.adjusted.metawin.org,1
radio.co,1
code.error.8024a000.stoperrors.org,1
www.percona.com,1
yourstory.com,1
bitesizebio.com,1
office365adoption.com,1
fastfix247.com,1
datahelpsoftware.com,1
www.securityantivirus.org,3
www.webhostingtalk.com,1
www.nomensa.com,1
www.dictionary.com,2
janitorialassociation.org,1
www.detoxcomic.com,1
sensorstechforum.com,1
www.revenera.com,2
www.gaintools.com,2
manual.calibre-ebook.com,1
mazepress.com,1
aeroquartet.com,1
trusthomesense.com,1
shapeshed.com,1
www.blifaloo.com,1
contactassistance.com,1
visual-basic-runtime-files.en.softonic.com,1
www.itsmdaily.com,1
www.canonprintersupportpro.us,1
antivirus-review.com,1
optinmonster.com,2
accountingerrors.com,1
ps2bios.net,3
softwaretested.com,2
www.mazdaforum.com,1
www.download-dll-ocx.com,1
www.sourceonetechnology.com,1
recoveryutility.com,1
www.yardworkhq.com,1
www.0x0000008e.com,1
oards.com,1
getsolved.org,1
www.gethumanhelp.com,1
www.xspdf.com,1
dengarden.com,1
cabal.online.ph.gameguard.error.stoperrors.org,1
es.ccm.net,2
www.rmprepusb.com,1
clintboessen.blogspot.com,1
www.emailaddressmanager.com,1
crackanyinterview.com,1
www.apple.com,1
roadrunnermailsupport.com,1
mrelectric.com,1
rizonjet.com,1
howshost.com,1
logrocket.com,1
www.safepstbackup.com,1
www.labareweb.com,1
android.cooliris.error.stoperrors.org,1
www.sony.co.id,2
blog.filestack.com,1
errorcode0x.com,1
www.quickbookspremiersupport.us,1
www.earthslab.com,1
www.protectstar.com,1
www.filerecoverytips.com,1
www.betaarchive.com,2
www.engine-codes.com,1
www.datarecovery.institute,1
support.magento.com,1
www.fluentu.com,1
www.emaildoctor.org,2
www.caddiediaries.com,3
www.codeguru.com,2
fix-computer-virus.blogspot.com,1
gopalthorve.com,1
www.colocationamerica.com,1
www.gogototo.com,1
www.connectify.me,1
www.contactyahoohelpdesk.com,3
zcom.tech,1
pc4bro.com,1
www.digitalmastersmag.com,1
www.epsonprintersupportpro.us,2
easywebfixes.com,1
magento.stackexchange.com,1
www.h2kinfosys.com,1
10scopes.com,1
www.naturalhandyman.com,1
macfixguides.com,2
searchitchannel.techtarget.com,1
www.plumbers911.ca,1
puri.sm,1
dllspedia.com,1
nektony.com,1
bloatwareremover.com,1
secure.wphackedhelp.com,1
fable.3.xlive.dll.missing.skidrow.winfaults.net,1
schierlm.users.sourceforge.net,1
www.windowsdispatch.com,1
www.askforaccounting.com,1
wpmantis.com,1
support.logmeininc.com,1
www.t3atlanta.com,1
www.the-tech-addict.com,1
pchelp.biz,1
www.diskgenius.com,3
www.sc2mapster.com,1
qqg.instytutanalizrynkowych.pl,1
www.photo-editing-software-for-windows-10.com,1
www.belugacdn.com,1
360antivirussupport.com,1
www.navthemes.com,1
www.decision-making-solutions.com,1
www.techlicious.com,1
blog.accountinghelpline.com,1
www.troubleshootingcentral.com,1
www.mrappliance.com,1
www.scalyr.com,2
www.printeradmin.com,1
www.powweb.com,1
www.easyprintersupport.com,1
adobe.reader.x.error.1606.could.not.access.network.location.stoperrors.org,1
diranieh.com,1
my.wirenine.com,1
proandroiddev.com,1
www.videoconverterfactory.com,3
www.zoominfo.com,1
www.massmailsoftware.com,1
www.directxupdate.com,2
techtestreport.com,1
www.andica.com,1
www.driver.errorsupports.com,1
liveonlineradio.net,1
www.nsftopst.com,1
www.theorb.net,1
www.ashampoo.com,1
www.tecmundo.com.br,1
wiki.mcneel.com,1
ikeymonitor.com,2
www.homedepot.com,1
pdf.wondershare.com,1
www.getdroidtips.com,1
checksoftwares.blogspot.com,1
westerntechies.com,1
www.lovemysurface.net,1
www.comodo.com,1
michaelkummer.com,1
jealouscomputers.com,1
www.getawaycouple.com,1
www.fixmyoldride.com,1
installshield.en.downloadastro.com,2
fmsinc.com,1
www.neoseeker.com,2
www.contactmonkey.com,1
winamp-lite.en.softonic.com,2
play3r.net,1
www.support.hp.com,5
wiki-162243.speedware.org,1
lionheart87.blogspot.com,1
help.phpmelody.com,1
www.iphonelife.com,1
xwinlogon-win32-x-server.soft112.com,2
www.payetteforward.com,2
www.autotraining.edu,1
techyaz.com,2
business.tutsplus.com,1
help.netflix.com,1
www.specialuninstaller.com,1
www.techmazza.com,1
yourgaragedoorguys.com,1
www.smartvacuums.co.uk,1
www.thebalance.com,1
www.nerdsonsite.com,1
zvelo.com,1
support.exclaimer.com,2
www.theemotionmachine.com,1
helix979.github.io,1
support.activision.com,1
hillel.dev,1
www.virusresearch.org,1
ds.error.no.0003.metawin.org,1
howdoicomputer.com,1
ricotroubleshooting.blogspot.com,1
support.cpanel.net,1
www.jeanphilippepernin.net,1
statemigration.com,1
www.fsdeveloper.com,1
www.familytreemagazine.com,1
en.rockcontent.com,1
applesolution.in,1
tic.gal,1
slimdx-runtime-net-x86-january-2012.software.informer.com,1
www.avsforum.com,1
www.hivelocity.net,1
www.hardreset.info,1
www.androidcentral.com,1
error.no.such.partition.grub.rescue.ubuntu.13.04.metawin.org,1
www.123-reg.co.uk,1
wplift.com,1
www.acutedata.com,1
www.lifehacker.com.au,1
www.goodsync.com,1
www.mksguide.com,1
www.soundonsound.com,1
errorsbase.com,1
www.phoca.cz,1
windowsjet.com,1
geeksadvice.com,1
support.promax.com,1
docplayer.net,1
